<?xml version="1.0" encoding="UTF-8"?>
<project-private xmlns="http://www.netbeans.org/ns/project-private/1">
    <editor-bookmarks xmlns="http://www.netbeans.org/ns/editor-bookmarks/2" lastBookmarkId="0"/>
    <open-files xmlns="http://www.netbeans.org/ns/projectui-open-files/2">
        <group>
            <file>file:/C:/Users/admin/Desktop/Березин/Лаба%204/Laba5ServerJava/src/service/endpoint/WowService.java</file>
            <file>file:/C:/Users/admin/Desktop/Березин/Лаба%204/Laba5ServerJava/src/operation/TovarOperationImpl.java</file>
            <file>file:/C:/Users/admin/Desktop/Березин/Лаба%204/Laba5ServerJava/src/operation/WowOperationImpl.java</file>
            <file>file:/C:/Users/admin/Desktop/Березин/Лаба%204/Laba5ServerJava/src/types/Tovar.java</file>
            <file>file:/C:/Users/admin/Desktop/Березин/Лаба%204/Laba5ServerJava/src/registration/RunServer.java</file>
            <file>file:/C:/Users/admin/Desktop/Березин/Лаба%204/Laba5ServerJava/src/operation/TovarOperation.java</file>
            <file>file:/C:/Users/admin/Desktop/Березин/Лаба%204/Laba5ServerJava/src/operation/WowOperation.java</file>
            <file>file:/C:/Users/admin/Desktop/Березин/Лаба%204/Laba5ServerJava/src/types/Wow.java</file>
            <file>file:/C:/Users/admin/Desktop/Березин/Лаба%204/Laba5ServerJava/src/types/ListOfTovar.java</file>
            <file>file:/C:/Users/admin/Desktop/Березин/Лаба%204/Laba5ServerJava/src/types/ListOfWow.java</file>
            <file>file:/C:/Users/admin/Desktop/Березин/Лаба%204/Laba5ServerJava/src/service/endpoint/TovarService.java</file>
        </group>
    </open-files>
</project-private>
